{"cameraMode":{"drawMode":0,"name":"Shaded","section":"Shading Mode"},"sceneLighting":true,"audioPlay":false,"sceneViewState":{"m_AlwaysRefresh":false,"showFog":true,"showSkybox":true,"showFlares":true,"showImageEffects":true,"showParticleSystems":true,"showVisualEffectGraphs":true,"m_FxEnabled":true},"in2DMode":false,"pivot":{"x":316.3279113769531,"y":781.5311279296875,"z":74.15350341796875},"rotation":{"x":0.13191430270671845,"y":0.01517688762396574,"z":-0.0019873701967298986,"w":0.9911786317825317},"size":395.5772399902344,"orthographic":false}